<?xml version="1.0" encoding="UTF-8"?>
<beans xmlns="http://www.springframework.org/schema/beans"

	   xmlns:task="http://www.springframework.org/schema/task" xmlns:xsi="http://www.w3.org/2001/XMLSchema-instance"
	   xmlns:context="http://www.springframework.org/schema/context"
	   xmlns:mvc="http://www.springframework.org/schema/mvc"
	   xmlns:aop="http://www.springframework.org/schema/aop"
	   xsi:schemaLocation="http://www.springframework.org/schema/beans http://www.springframework.org/schema/beans/spring-beans.xsd
        http://www.springframework.org/schema/context http://www.springframework.org/schema/context/spring-context-4.0.xsd
        http://www.springframework.org/schema/mvc http://www.springframework.org/schema/mvc/spring-mvc-4.0.xsd
		http://www.springframework.org/schema/aop
		http://www.springframework.org/schema/aop/spring-aop-4.0.xsd
		http://www.springframework.org/schema/task
		http://www.springframework.org/schema/task/spring-task-4.0.xsd ">
		
 	
 	
	<context:component-scan 
	base-package="com.sinosoft.service.business.ui,
			com.sinosoft.mvc,com.sinosoft.service.insh,com.sinosoft.service.meli,
			com.sinosoft.service.wd,
			com.sinosoft.pipline.mvc">
	</context:component-scan>
	
	<!--
	<context:property-placeholder location="classpath:PostpositionConfig.properties" system-properties-mode="OVERRIDE"/>
 -->
	<!--<task:annotation-driven />  定时器开关 -->

<!-- 
	<mvc:annotation-driven></mvc:annotation-driven>

	<bean
			class="org.springframework.web.servlet.mvc.annotation.AnnotationMethodHandlerAdapter">
		<property name="messageConverters">
			<list>
				<ref bean="mappingJacksonHttpMessageConverter" />
			</list>
		</property>
	</bean>

	<bean id="mappingJacksonHttpMessageConverter"
		  class="org.springframework.http.converter.json.MappingJackson2HttpMessageConverter"></bean>
 -->

	<!-- 自定义 converter 列表-->
	<mvc:annotation-driven conversion-service="conversionServiceI">
		<mvc:message-converters register-defaults="false">
			<!-- 重写了.spring 的 String conveter-->
			<!-- <bean class="com.sinosoft.mvc.converter.messageConverter.StringHTTPMessageConverter">
				<property name="supportedMediaTypes">
					<list>
						<bean class="org.springframework.http.MediaType">
							<constructor-arg value="text"></constructor-arg>
							<constructor-arg value="plain"></constructor-arg>
							<constructor-arg value="UTF-8"></constructor-arg>
						</bean>
					</list>
				</property>
			</bean>
			Spring MVC JSON配置 为使用spring的默认配置而是使用了fastjson 作为json 转换
			<bean id="sinoFastJSONConverter" class="com.sinosoft.mvc.converter.messageConverter.JSONConverter"
				  init-method="init">
				
				<property name="supportedMediaTypes">
					<list>

						<bean class="org.springframework.http.MediaType">
							<constructor-arg value="application"></constructor-arg>
							<constructor-arg value="json"></constructor-arg>
							<constructor-arg value="UTF-8"></constructor-arg>
						</bean>
					</list>
				</property>

			</bean> -->

		<bean
			class="org.springframework.http.converter.json.MappingJackson2HttpMessageConverter">
			<property name="objectMapper">
				<bean class="com.fasterxml.jackson.databind.ObjectMapper">
					<property name="dateFormat">
						<bean class="java.text.SimpleDateFormat">
							<constructor-arg type="java.lang.String" value="yyyy-MM-dd" />
						</bean>
					</property>
				</bean>
			</property>
		</bean>
		</mvc:message-converters>
	</mvc:annotation-driven>

	<!-- 定义跳转的文件的前后缀 ，视图模式配置-->
	<bean class="org.springframework.web.servlet.view.InternalResourceViewResolver">
		<!-- 这里的配置我的理解是自动给后面action的方法return的字符串加上前缀和后缀，变成一个 可用的url地址 -->
		<property name="prefix" value="/application/" />
		<property name="suffix" value=".jsp" />
	</bean>

	<bean id="multipartResolver"
		  class="org.springframework.web.multipart.commons.CommonsMultipartResolver">
		<property name="defaultEncoding">
			<value>UTF-8</value>
		</property>
		<property name="maxUploadSize">
			<!-- 上传文件大小限制为31M，31*1024*1024 -->
			<!--<value>32505856</value>-->
			<value>104857600</value>
		</property>
		<property name="maxInMemorySize">
			<value>4096</value>
		</property>
	</bean>
	
	<aop:aspectj-autoproxy proxy-target-class="true"/>
	
	<mvc:interceptors>
        <mvc:interceptor>
            <mvc:mapping path="/pipline/**"/>
            <bean class="com.sinosoft.pipline.service.common.tracert.SinoPiplineInterceptor"/>        
        </mvc:interceptor>
    </mvc:interceptors>
</beans>
